init,E
E,a,P
E,b,P
E,c,P
E,d,P
E,e,P
E,f,P
E,g,P
E,h,P
E,i,P
E,j,P
E,k,P
E,l,P
E,m,P
E,n,P
E,o,P
E,p,P
E,q,P
E,r,P
E,s,P
E,t,P
E,u,P
E,v,P
E,w,P
E,x,P
E,y,P
E,z,P
E,A,P
E,B,P
E,C,P
E,D,P
E,E,P
E,F,P
E,G,P
E,H,P
E,I,P
E,J,P
E,K,P
E,M,P
E,L,P
E,N,P
E,O,P
E,P,P
E,Q,P
E,R,P
E,S,P
E,T,P
E,U,P
E,V,P
E,W,P
E,X,P
E,Y,P
E,Z,P
P,a,P
P,b,P
P,c,P
P,d,P
P,e,P
P,f,P
P,g,P
P,h,P
P,i,P
P,j,P
P,k,P
P,l,P
P,m,P
P,n,P
P,o,P
P,p,P
P,q,P
P,r,P
P,s,P
P,t,P
P,u,P
P,v,P
P,w,P
P,x,P
P,y,P
P,z,P
P,A,P
P,B,P
P,C,P
P,D,P
P,E,P
P,F,P
P,G,P
P,H,P
P,I,P
P,J,P
P,K,P
P,M,P
P,L,P
P,N,P
P,O,P
P,P,P
P,Q,P
P,R,P
P,S,P
P,T,P
P,U,P
P,V,P
P,W,P
P,X,P
P,Y,P
P,Z,P
P,0,P
P,1,P
P,2,P
P,3,P
P,4,P
P,5,P
P,6,P
P,7,P
P,8,P
P,9,P
P,-,E
P,.,N
N,a,N1
N,b,N1
N,c,N1
N,d,N1
N,e,N1
N,f,N1
N,g,N1
N,h,N1
N,i,N1
N,j,N1
N,k,N1
N,l,N1
N,m,N1
N,n,N1
N,o,N1
N,p,N1
N,q,N1
N,r,N1
N,s,N1
N,t,N1
N,u,N1
N,v,N1
N,w,N1
N,x,N1
N,y,N1
N,z,N1
N,A,N1
N,B,N1
N,C,N1
N,D,N1
N,E,N1
N,F,N1
N,G,N1
N,H,N1
N,I,N1
N,J,N1
N,K,N1
N,M,N1
N,L,N1
N,N,N1
N,O,N1
N,P,N1
N,Q,N1
N,R,N1
N,S,N1
N,T,N1
N,U,N1
N,V,N1
N,W,N1
N,X,N1
N,Y,N1
N,Z,N1
N1,a,N1
N1,b,N1
N1,c,N1
N1,d,N1
N1,e,N1
N1,f,N1
N1,g,N1
N1,h,N1
N1,i,N1
N1,j,N1
N1,k,N1
N1,l,N1
N1,m,N1
N1,n,N1
N1,o,N1
N1,p,N1
N1,q,N1
N1,r,N1
N1,s,N1
N1,t,N1
N1,u,N1
N1,v,N1
N1,w,N1
N1,x,N1
N1,y,N1
N1,z,N1
N1,A,N1
N1,B,N1
N1,C,N1
N1,D,N1
N1,E,N1
N1,F,N1
N1,G,N1
N1,H,N1
N1,I,N1
N1,J,N1
N1,K,N1
N1,M,N1
N1,L,N1
N1,N,N1
N1,O,N1
N1,P,N1
N1,Q,N1
N1,R,N1
N1,S,N1
N1,T,N1
N1,U,N1
N1,V,N1
N1,W,N1
N1,X,N1
N1,Y,N1
N1,Z,N1
N1,0,N1
N1,1,N1
N1,2,N1
N1,3,N1
N1,4,N1
N1,5,N1
N1,6,N1
N1,7,N1
N1,8,N1
N1,9,N1
N1,-,N
N1,+,A1
A1,a,A2
A1,b,A2
A1,c,A2
A1,d,A2
A1,e,A2
A1,f,A2
A1,g,A2
A1,h,A2
A1,i,A2
A1,j,A2
A1,k,A2
A1,l,A2
A1,m,A2
A1,n,A2
A1,o,A2
A1,p,A2
A1,q,A2
A1,r,A2
A1,s,A2
A1,t,A2
A1,u,A2
A1,v,A2
A1,w,A2
A1,x,A2
A1,y,A2
A1,z,A2
A1,A,A2
A1,B,A2
A1,C,A2
A1,D,A2
A1,E,A2
A1,F,A2
A1,G,A2
A1,H,A2
A1,I,A2
A1,J,A2
A1,K,A2
A1,M,A2
A1,L,A2
A1,N,A2
A1,O,A2
A1,P,A2
A1,Q,A2
A1,R,A2
A1,S,A2
A1,T,A2
A1,U,A2
A1,V,A2
A1,W,A2
A1,X,A2
A1,Y,A2
A1,Z,A2
A2,a,A2
A2,b,A2
A2,c,A2
A2,d,A2
A2,e,A2
A2,f,A2
A2,g,A2
A2,h,A2
A2,i,A2
A2,j,A2
A2,k,A2
A2,l,A2
A2,m,A2
A2,n,A2
A2,o,A2
A2,p,A2
A2,q,A2
A2,r,A2
A2,s,A2
A2,t,A2
A2,u,A2
A2,v,A2
A2,w,A2
A2,x,A2
A2,y,A2
A2,z,A2
A2,A,A2
A2,B,A2
A2,C,A2
A2,D,A2
A2,E,A2
A2,F,A2
A2,G,A2
A2,H,A2
A2,I,A2
A2,J,A2
A2,K,A2
A2,M,A2
A2,L,A2
A2,N,A2
A2,O,A2
A2,P,A2
A2,Q,A2
A2,R,A2
A2,S,A2
A2,T,A2
A2,U,A2
A2,V,A2
A2,W,A2
A2,X,A2
A2,Y,A2
A2,Z,A2
A2,0,A2
A2,1,A2
A2,2,A2
A2,3,A2
A2,4,A2
A2,5,A2
A2,6,A2
A2,7,A2
A2,8,A2
A2,9,A2
A2,-,A1
A2,@,D
N1,@,D
D,a,Z
D,b,Z
D,c,Z
D,d,Z
D,e,Z
D,f,Z
D,g,Z
D,h,Z
D,i,Z
D,j,Z
D,k,Z
D,l,Z
D,m,Z
D,n,Z
D,o,Z
D,p,Z
D,q,Z
D,r,Z
D,s,Z
D,t,Z
D,u,Z
D,v,Z
D,w,Z
D,x,Z
D,y,Z
D,z,Z
D,A,Z
D,B,Z
D,C,Z
D,D,Z
D,E,Z
D,F,Z
D,G,Z
D,H,Z
D,I,Z
D,J,Z
D,K,Z
D,M,Z
D,L,Z
D,N,Z
D,O,Z
D,P,Z
D,Q,Z
D,R,Z
D,S,Z
D,T,Z
D,U,Z
D,V,Z
D,W,Z
D,X,Z
D,Y,Z
D,Z,Z
Z,a,Z
Z,b,Z
Z,c,Z
Z,d,Z
Z,e,Z
Z,f,Z
Z,g,Z
Z,h,Z
Z,i,Z
Z,j,Z
Z,k,Z
Z,l,Z
Z,m,Z
Z,n,Z
Z,o,Z
Z,p,Z
Z,q,Z
Z,r,Z
Z,s,Z
Z,t,Z
Z,u,Z
Z,v,Z
Z,w,Z
Z,x,Z
Z,y,Z
Z,z,Z
Z,A,Z
Z,B,Z
Z,C,Z
Z,D,Z
Z,E,Z
Z,F,Z
Z,G,Z
Z,H,Z
Z,I,Z
Z,J,Z
Z,K,Z
Z,M,Z
Z,L,Z
Z,N,Z
Z,O,Z
Z,P,Z
Z,Q,Z
Z,R,Z
Z,S,Z
Z,T,Z
Z,U,Z
Z,V,Z
Z,W,Z
Z,X,Z
Z,Y,Z
Z,Z,Z
Z,0,Z
Z,1,Z
Z,2,Z
Z,3,Z
Z,4,Z
Z,5,Z
Z,6,Z
Z,7,Z
Z,8,Z
Z,9,Z
Z,-,D
Z,.,Z1
Z1,a,F
Z1,b,F
Z1,c,F
Z1,d,F
Z1,e,F
Z1,f,F
Z1,g,F
Z1,h,F
Z1,i,F
Z1,j,F
Z1,k,F
Z1,l,F
Z1,m,F
Z1,n,F
Z1,o,F
Z1,p,F
Z1,q,F
Z1,r,F
Z1,s,F
Z1,t,F
Z1,u,F
Z1,v,F
Z1,w,F
Z1,x,F
Z1,y,F
Z1,z,F
Z1,A,F
Z1,B,F
Z1,C,F
Z1,D,F
Z1,E,F
Z1,F,F
Z1,G,F
Z1,H,F
Z1,I,F
Z1,J,F
Z1,K,F
Z1,M,F
Z1,L,F
Z1,N,F
Z1,O,F
Z1,P,F
Z1,Q,F
Z1,R,F
Z1,S,F
Z1,T,F
Z1,U,F
Z1,V,F
Z1,W,F
Z1,X,F
Z1,Y,F
Z1,Z,F
F,a,F
F,b,F
F,c,F
F,d,F
F,e,F
F,f,F
F,g,F
F,h,F
F,i,F
F,j,F
F,k,F
F,l,F
F,m,F
F,n,F
F,o,F
F,p,F
F,q,F
F,r,F
F,s,F
F,t,F
F,u,F
F,v,F
F,w,F
F,x,F
F,y,F
F,z,F
F,A,F
F,B,F
F,C,F
F,D,F
F,E,F
F,F,F
F,G,F
F,H,F
F,I,F
F,J,F
F,K,F
F,M,F
F,L,F
F,N,F
F,O,F
F,P,F
F,Q,F
F,R,F
F,S,F
F,T,F
F,U,F
F,V,F
F,W,F
F,X,F
F,Y,F
F,Z,F
F,0,F
F,1,F
F,2,F
F,3,F
F,4,F
F,5,F
F,6,F
F,7,F
F,8,F
F,9,F
F,.,Z1
F,-,D
F,;,E
final,F